year,rank,code,name
2022,1,005930,삼성전자
2022,2,000660,SK하이닉스
2022,3,112040,위메이드
2022,4,302440,SK바이오사이언스
2022,5,051910,LG화학
2022,6,005290,동진쎄미켐
2022,7,035720,카카오
2022,8,035420,NAVER
2022,9,006400,삼성SDI
2022,10,068270,셀트리온
2022,11,066570,LG전자
2022,12,036570,엔씨소프트
2022,13,005380,현대차
2022,14,066970,엘앤에프
2022,15,259960,크래프톤
2022,16,005490,POSCO홀딩스
2022,17,009150,삼성전기
2022,18,377300,카카오페이
2022,19,323410,카카오뱅크
2022,20,247540,에코프로비엠
2022,21,293490,카카오게임즈
2022,22,000270,기아
2022,23,011200,HMM
2022,24,096770,SK이노베이션
2022,25,034220,LG디스플레이
2022,26,352820,하이브
2022,27,034020,두산에너빌리티
2022,28,263750,펄어비스
2022,29,207940,삼성바이오로직스
2022,30,003550,LG
2022,31,017670,SK텔레콤
2022,32,052690,한전기술
2022,33,086520,에코프로
2022,34,361610,SK아이이테크놀로지
2022,35,012330,현대모비스
2022,36,225570,넥슨게임즈
2022,37,000990,DB하이텍
2022,38,105560,KB금융
2022,39,095660,네오위즈
2022,40,003670,포스코퓨처엠
2022,41,033780,KT&G
2022,42,051900,LG생활건강
2022,43,196170,알테오젠
2022,44,055550,신한지주
2022,45,237690,에스티팜
2022,46,121600,나노신소재
2022,47,041510,에스엠
2022,48,137310,에스디바이오센서
2022,49,034730,SK
2022,50,003490,대한항공
2023,1,005930,삼성전자
2023,2,323410,카카오뱅크
2023,3,000660,SK하이닉스
2023,4,373220,LG에너지솔루션
2023,5,006400,삼성SDI
2023,6,035420,NAVER
2023,7,003670,포스코퓨처엠
2023,8,051910,LG화학
2023,9,005490,POSCO홀딩스
2023,10,112040,위메이드
2023,11,001570,금양
2023,12,377300,카카오페이
2023,13,066970,엘앤에프
2023,14,035720,카카오
2023,15,005380,현대차
2023,16,000270,기아
2023,17,247540,에코프로비엠
2023,18,064350,현대로템
2023,19,086520,에코프로
2023,20,066570,LG전자
2023,21,105560,KB금융
2023,22,034020,두산에너빌리티
2023,23,068270,셀트리온
2023,24,009830,한화솔루션
2023,25,086790,하나금융지주
2023,26,009150,삼성전기
2023,27,259960,크래프톤
2023,28,051900,LG생활건강
2023,29,096770,SK이노베이션
2023,30,055550,신한지주
2023,31,047810,한국항공우주
2023,32,090430,아모레퍼시픽
2023,33,036570,엔씨소프트
2023,34,015760,한국전력
2023,35,011200,HMM
2023,36,033780,KT&G
2023,37,352820,하이브
2023,38,207940,삼성바이오로직스
2023,39,012330,현대모비스
2023,40,010130,고려아연
2023,41,008770,호텔신라
2023,42,316140,우리금융지주
2023,43,003490,대한항공
2023,44,030200,KT
2023,45,383220,F&F
2023,46,041510,에스엠
2023,47,251270,넷마블
2023,48,010950,S-Oil
2023,49,028260,삼성물산
2023,50,017670,SK텔레콤
2024,1,005930,삼성전자
2024,2,450080,에코프로머티
2024,3,247540,에코프로비엠
2024,4,000660,SK하이닉스
2024,5,454910,두산로보틱스
2024,6,086520,에코프로
2024,7,005490,POSCO홀딩스
2024,8,003670,포스코퓨처엠
2024,9,011200,HMM
2024,10,035420,NAVER
2024,11,066970,엘앤에프
2024,12,068270,셀트리온
2024,13,006400,삼성SDI
2024,14,028300,HLB
2024,15,051910,LG화학
2024,16,196170,알테오젠
2024,17,112040,위메이드
2024,18,000270,기아
2024,19,047050,포스코인터내셔널
2024,20,403870,HPSP
2024,21,001570,금양
2024,22,373220,LG에너지솔루션
2024,23,005380,현대차
2024,24,277810,레인보우로보틱스
2024,25,141080,리가켐바이오
2024,26,328130,루닛
2024,27,066570,LG전자
2024,28,035720,카카오
2024,29,009830,한화솔루션
2024,30,007660,이수페타시스
2024,31,042700,한미반도체
2024,32,036570,엔씨소프트
2024,33,352820,하이브
2024,34,096770,SK이노베이션
2024,35,009150,삼성전기
2024,36,105560,KB금융
2024,37,122870,와이지엔터테인먼트
2024,38,028260,삼성물산
2024,39,207940,삼성바이오로직스
2024,40,035900,JYP
2024,41,064350,현대로템
2024,42,042660,한화오션
2024,43,034020,두산에너빌리티
2024,44,348370,엔켐
2024,45,086790,하나금융지주
2024,46,017670,SK텔레콤
2024,47,316140,우리금융지주
2024,48,010140,삼성중공업
2024,49,058470,리노공업
2024,50,361610,SK아이이테크놀로지
2025,1,005930,삼성전자
2025,2,000660,SK하이닉스
2025,3,196170,알테오젠
2025,4,035420,NAVER
2025,5,328130,루닛
2025,6,105560,KB금융
2025,7,068270,셀트리온
2025,8,007660,이수페타시스
2025,9,035720,카카오
2025,10,010130,고려아연
2025,11,000100,유한양행
2025,12,042660,한화오션
2025,13,034020,두산에너빌리티
2025,14,005380,현대차
2025,15,000270,기아
2025,16,005490,POSCO홀딩스
2025,17,373220,LG에너지솔루션
2025,18,267260,HD현대일렉트릭
2025,19,006400,삼성SDI
2025,20,086790,하나금융지주
2025,21,055550,신한지주
2025,22,051910,LG화학
2025,23,141080,리가켐바이오
2025,24,329180,HD현대중공업
2025,25,247540,에코프로비엠
2025,26,001570,금양
2025,27,064350,현대로템
2025,28,207940,삼성바이오로직스
2025,29,035900,JYP
2025,30,377300,카카오페이
2025,31,086520,에코프로
2025,32,272210,한화시스템
2025,33,042700,한미반도체
2025,34,010140,삼성중공업
2025,35,348370,엔켐
2025,36,036460,한국가스공사
2025,37,028300,HLB
2025,38,003670,포스코퓨처엠
2025,39,009150,삼성전기
2025,40,000810,삼성화재
2025,41,012330,현대모비스
2025,42,450080,에코프로머티
2025,43,316140,우리금융지주
2025,44,298040,효성중공업
2025,45,015760,한국전력
2025,46,241560,두산밥캣
2025,47,352820,하이브
2025,48,259960,크래프톤
2025,49,030200,KT
2025,50,066570,LG전자
2026,1,005930,삼성전자
2026,2,000660,SK하이닉스
2026,3,086520,에코프로
2026,4,005380,현대차
2026,5,034020,두산에너빌리티
2026,6,196170,알테오젠
2026,7,007660,이수페타시스
2026,8,042660,한화오션
2026,9,035420,NAVER
2026,10,015760,한국전력
2026,11,042700,한미반도체
2026,12,373220,LG에너지솔루션
2026,13,277810,레인보우로보틱스
2026,14,009150,삼성전기
2026,15,272210,한화시스템
2026,16,006800,미래에셋증권
2026,17,006400,삼성SDI
2026,18,012330,현대모비스
2026,19,035720,카카오
2026,20,064350,현대로템
2026,21,329180,HD현대중공업
2026,22,247540,에코프로비엠
2026,23,298040,효성중공업
2026,24,000270,기아
2026,25,105560,KB금융
2026,26,267260,HD현대일렉트릭
2026,27,000150,두산
2026,28,010140,삼성중공업
2026,29,005490,POSCO홀딩스
2026,30,068270,셀트리온
2026,31,055550,신한지주
2026,32,028260,삼성물산
2026,33,051910,LG화학
2026,34,003670,포스코퓨처엠
2026,35,207940,삼성바이오로직스
2026,36,047810,한국항공우주
2026,37,352820,하이브
2026,38,010120,LS일렉트릭
2026,39,141080,리가켐바이오
2026,40,066570,LG전자
2026,41,066970,엘앤에프
2026,42,010130,고려아연
2026,43,214450,파마리서치
2026,44,086790,하나금융지주
2026,45,316140,우리금융지주
2026,46,000810,삼성화재
2026,47,454910,두산로보틱스
2026,48,128940,한미약품
2026,49,071050,한국금융지주
2026,50,034730,SK
